symbol,open_datetime,open_price,order_type,volume,sl,tp,close_datetime,close_price,profit
EURUSD,2019-01-04 15:00:00,1.13715,sell,10000,1.1398687990285956,1.1344312009714046,2019-01-04 17:00:00,1.1398687990285956,-27.187990285955088
EURUSD,2019-01-07 15:00:00,1.14578,buy,10000,1.1407679395192052,1.1507920604807949,2019-01-09 16:00:00,1.1507920604807949,50.12060480794833
EURUSD,2019-01-09 17:00:00,1.15104,buy,10000,1.1448339297330878,1.1572460702669123,2019-01-15 11:00:00,1.1448339297330878,-62.06070266912222
EURUSD,2019-01-15 12:00:00,1.14294,sell,10000,1.147411620776445,1.138468379223555,2019-01-16 13:00:00,1.138468379223555,44.71620776445029
EURUSD,2019-01-18 12:00:00,1.14068,buy,10000,1.1388936676798753,1.1424663323201245,2019-01-18 16:00:00,1.1388936676798753,-17.86332320124595
EURUSD,2019-01-18 17:00:00,1.13672,sell,10000,1.1394574058022775,1.1339825941977224,2019-01-24 15:00:00,1.1339825941977224,27.374058022775483
EURUSD,2019-01-24 18:00:00,1.13216,sell,10000,1.1385684224801635,1.1257515775198366,2019-01-25 17:00:00,1.1385684224801635,-64.08422480163489
EURUSD,2019-01-25 18:00:00,1.14063,buy,10000,1.1318065641761879,1.1494534358238122,2019-01-31 04:00:00,1.1494534358238122,88.23435823812176
EURUSD,2019-01-31 18:00:00,1.14533,sell,10000,1.1490978639767577,1.1415621360232422,2019-02-05 10:00:00,1.1415621360232422,37.67863976757768
EURUSD,2019-02-05 17:00:00,1.14067,sell,10000,1.1435198836541423,1.137820116345858,2019-02-06 17:00:00,1.137820116345858,28.498836541421824
EURUSD,2019-02-06 20:00:00,1.13662,sell,10000,1.1399441769856216,1.1332958230143784,2019-02-07 13:00:00,1.1332958230143784,33.24176985621597
EURUSD,2019-02-07 15:00:00,1.13309,sell,10000,1.1367843991748925,1.1293956008251074,2019-02-11 16:00:00,1.1293956008251074,36.9439917489256
EURUSD,2019-02-11 17:00:00,1.1276,sell,10000,1.1315114666451618,1.123688533354838,2019-02-12 18:00:00,1.1315114666451618,-39.11466645161843
EURUSD,2019-02-12 19:00:00,1.13197,buy,10000,1.1280163822362819,1.135923617763718,2019-02-13 19:00:00,1.1280163822362819,-39.536177637180536
EURUSD,2019-02-14 15:00:00,1.13025,buy,10000,1.1270328451601137,1.1334671548398862,2019-02-15 14:00:00,1.1270328451601137,-32.17154839886271
EURUSD,2019-02-15 15:00:00,1.12528,sell,10000,1.1289201966402296,1.1216398033597705,2019-02-15 20:00:00,1.1289201966402296,-36.4019664022952
EURUSD,2019-02-19 13:00:00,1.12832,sell,10000,1.1308773899112912,1.1257626100887088,2019-02-19 16:00:00,1.1308773899112912,-25.573899112911747
EURUSD,2019-02-19 17:00:00,1.13339,buy,10000,1.1298096126348272,1.1369703873651726,2019-02-26 15:00:00,1.1369703873651726,35.803873651727436
EURUSD,2019-02-26 18:00:00,1.1373199999999999,buy,10000,1.135494779321171,1.1391452206788288,2019-02-26 21:00:00,1.1391452206788288,18.252206788289538
EURUSD,2019-02-26 22:00:00,1.13919,buy,10000,1.1354069824074773,1.1429730175925226,2019-03-04 10:00:00,1.1354069824074773,-37.83017592522641
EURUSD,2019-03-04 12:00:00,1.13374,sell,10000,1.1373334268939588,1.1301465731060412,2019-03-05 18:00:00,1.1301465731060412,35.934268939588065
EURUSD,2019-03-05 19:00:00,1.12972,sell,10000,1.1332205131579343,1.1262194868420659,2019-03-07 15:00:00,1.1262194868420659,35.00513157934204
EURUSD,2019-03-07 16:00:00,1.12328,sell,10000,1.1292787831003335,1.1172812168996666,2019-03-12 19:00:00,1.1292787831003335,-59.98783100333416
EURUSD,2019-03-12 21:00:00,1.12978,buy,10000,1.1256616515828506,1.1338983484171494,2019-03-18 09:00:00,1.1338983484171494,41.1834841714942
EURUSD,2019-03-18 10:00:00,1.13498,buy,10000,1.1319307266179792,1.138029273382021,2019-03-20 21:00:00,1.138029273382021,30.492733820208784
EURUSD,2019-03-20 22:00:00,1.14339,buy,10000,1.1349959259624722,1.1517840740375276,2019-03-22 11:00:00,1.1349959259624722,-83.94074037527676
EURUSD,2019-03-22 12:00:00,1.13048,sell,10000,1.1372392356115706,1.1237207643884293,2019-03-28 14:00:00,1.1237207643884293,67.59235611570658
EURUSD,2019-03-28 15:00:00,1.12213,sell,10000,1.1252149796981048,1.1190450203018953,2019-04-02 18:00:00,1.1190450203018953,30.849796981047284
EURUSD,2019-04-03 03:00:00,1.12164,buy,10000,1.1197773253522627,1.1235026746477372,2019-04-03 10:00:00,1.1235026746477372,18.626746477372613
EURUSD,2019-04-03 11:00:00,1.12436,buy,10000,1.119604192912474,1.129115807087526,2019-04-12 07:00:00,1.129115807087526,47.55807087525987
EURUSD,2019-04-12 11:00:00,1.13056,buy,10000,1.1257618469835713,1.1353581530164287,2019-04-18 12:00:00,1.1257618469835713,-47.98153016428719
EURUSD,2019-04-18 13:00:00,1.12542,sell,10000,1.13021931384904,1.1206206861509602,2019-04-24 15:00:00,1.1206206861509602,47.99313849039866
EURUSD,2019-04-24 16:00:00,1.11928,sell,10000,1.1216594070470822,1.1169005929529179,2019-04-24 19:00:00,1.1169005929529179,23.794070470821715
EURUSD,2019-04-24 20:00:00,1.11644,sell,10000,1.1216884578187019,1.1111915421812983,2019-04-30 14:00:00,1.1216884578187019,-52.484578187017576
EURUSD,2019-04-30 15:00:00,1.12195,buy,10000,1.1179045525586029,1.1259954474413971,2019-05-02 19:00:00,1.1179045525586029,-40.45447441397121
EURUSD,2019-05-03 12:00:00,1.11542,sell,10000,1.1174582089663967,1.1133817910336035,2019-05-03 17:00:00,1.1174582089663967,-20.382089663966152
EURUSD,2019-05-03 19:00:00,1.1195599999999999,buy,10000,1.11612893376229,1.1229910662377098,2019-05-09 16:00:00,1.1229910662377098,34.310662377099455
EURUSD,2019-05-09 17:00:00,1.12302,buy,10000,1.1192053331522913,1.1268346668477085,2019-05-15 14:00:00,1.1192053331522913,-38.146668477085925
EURUSD,2019-05-15 15:00:00,1.11838,sell,10000,1.1209980452231683,1.1157619547768316,2019-05-16 11:00:00,1.1209980452231683,-26.180452231683304
EURUSD,2019-05-16 15:00:00,1.11878,sell,10000,1.1205618153814865,1.1169981846185137,2019-05-17 12:00:00,1.1169981846185137,17.818153814863624
EURUSD,2019-05-17 17:00:00,1.116,sell,10000,1.117619707576322,1.1143802924236783,2019-05-21 17:00:00,1.117619707576322,-16.19707576321794
EURUSD,2019-05-23 09:00:00,1.11423,sell,10000,1.1160676483831864,1.1123923516168137,2019-05-23 18:00:00,1.1160676483831864,-18.37648383186341
EURUSD,2019-05-23 19:00:00,1.11822,buy,10000,1.1145405722697197,1.1218994277302803,2019-05-29 16:00:00,1.1145405722697197,-36.79427730280294
EURUSD,2019-05-29 17:00:00,1.11422,sell,10000,1.1166288671723357,1.1118111328276643,2019-05-31 20:00:00,1.1166288671723357,-24.088671723356825
EURUSD,2019-05-31 21:00:00,1.1172900000000001,buy,10000,1.1133575612225728,1.1212224387774274,2019-06-03 19:00:00,1.1212224387774274,39.324387774273276
EURUSD,2019-06-03 20:00:00,1.1243400000000001,buy,10000,1.1187656099931431,1.1299143900068571,2019-06-07 15:00:00,1.1299143900068571,55.74390006857
EURUSD,2019-06-07 16:00:00,1.13192,buy,10000,1.1269086257005487,1.1369313742994513,2019-06-14 13:00:00,1.1269086257005487,-50.1137429945131
EURUSD,2019-06-14 14:00:00,1.12592,sell,10000,1.127680794079467,1.124159205920533,2019-06-14 15:00:00,1.124159205920533,17.60794079467054
EURUSD,2019-06-14 16:00:00,1.12416,sell,10000,1.128142553895071,1.1201774461049292,2019-06-18 11:00:00,1.1201774461049292,39.825538950708506
EURUSD,2019-06-18 12:00:00,1.1185100000000001,sell,10000,1.122688288619815,1.1143317113801852,2019-06-19 21:00:00,1.122688288619815,-41.78288619814951
EURUSD,2019-06-20 03:00:00,1.12576,buy,10000,1.1204317016885528,1.1310882983114474,2019-06-21 10:00:00,1.1310882983114474,53.28298311447321
EURUSD,2019-06-21 14:00:00,1.13167,buy,10000,1.1293426399073607,1.1339973600926392,2019-06-21 19:00:00,1.1339973600926392,23.2736009263923
EURUSD,2019-06-21 20:00:00,1.13616,buy,10000,1.1304694659624632,1.141850534037537,2019-07-01 19:00:00,1.1304694659624632,-56.90534037536832
EURUSD,2019-07-01 20:00:00,1.1283400000000001,sell,10000,1.1349153827985905,1.1217646172014097,2019-07-05 18:00:00,1.1217646172014097,65.7538279859038
EURUSD,2019-07-08 17:00:00,1.12148,sell,10000,1.1230261309097491,1.119933869090251,2019-07-09 11:00:00,1.119933869090251,15.461309097490883
EURUSD,2019-07-10 09:00:00,1.12126,buy,10000,1.1204972866989744,1.1220227133010254,2019-07-10 11:00:00,1.1220227133010254,7.627133010255083
EURUSD,2019-07-10 12:00:00,1.12238,buy,10000,1.120637446293032,1.124122553706968,2019-07-10 15:00:00,1.124122553706968,17.425537069679642
EURUSD,2019-07-10 16:00:00,1.12391,buy,10000,1.1202530815387548,1.1275669184612451,2019-07-11 06:00:00,1.1275669184612451,36.56918461245162
EURUSD,2019-07-15 14:00:00,1.12634,sell,10000,1.1275685781257987,1.125111421874201,2019-07-16 10:00:00,1.125111421874201,12.28578125798796
EURUSD,2019-07-16 11:00:00,1.12452,sell,10000,1.1259214409879625,1.1231185590120374,2019-07-16 13:00:00,1.1231185590120374,14.014409879625767
EURUSD,2019-07-16 14:00:00,1.1222,sell,10000,1.1259432609974938,1.1184567390025064,2019-07-18 21:00:00,1.1259432609974938,-37.432609974936696
EURUSD,2019-07-18 22:00:00,1.12756,buy,10000,1.1228271516309107,1.132292848369089,2019-07-19 15:00:00,1.1228271516309107,-47.3284836908916
EURUSD,2019-07-22 14:00:00,1.12083,sell,10000,1.1221251342139513,1.1195348657860487,2019-07-22 16:00:00,1.1221251342139513,-12.951342139513322
EURUSD,2019-07-23 04:00:00,1.11996,sell,10000,1.1220589954365532,1.117861004563447,2019-07-23 12:00:00,1.117861004563447,20.989954365531194
EURUSD,2019-07-23 16:00:00,1.11605,sell,10000,1.1205724123453753,1.1115275876546247,2019-07-25 14:00:00,1.1115275876546247,45.22412345375315
EURUSD,2019-07-25 15:00:00,1.11545,buy,10000,1.1130907251335944,1.1178092748664057,2019-07-25 16:00:00,1.1178092748664057,23.592748664056362
EURUSD,2019-07-26 13:00:00,1.11316,sell,10000,1.1149271549392923,1.1113928450607076,2019-07-30 14:00:00,1.1149271549392923,-17.67154939292359
EURUSD,2019-07-30 15:00:00,1.1154,buy,10000,1.1138820918998456,1.1169179081001543,2019-07-30 17:00:00,1.1138820918998456,-15.17908100154397
EURUSD,2019-07-31 16:00:00,1.11418,sell,10000,1.1155764601867382,1.1127835398132617,2019-07-31 21:00:00,1.1127835398132617,13.964601867382243
EURUSD,2019-07-31 22:00:00,1.10696,sell,10000,1.1139486099815483,1.0999713900184516,2019-08-05 11:00:00,1.1139486099815483,-69.88609981548377
EURUSD,2019-08-05 12:00:00,1.1149,buy,10000,1.1109483089561878,1.1188516910438122,2019-08-05 18:00:00,1.1188516910438122,39.51691043812211
EURUSD,2019-08-07 16:00:00,1.12344,buy,10000,1.120011817613637,1.1268681823863629,2019-08-07 23:00:00,1.120011817613637,-34.28182386362888
EURUSD,2019-08-08 14:00:00,1.11882,sell,10000,1.121303369103808,1.116336630896192,2019-08-09 18:00:00,1.121303369103808,-24.833691038079753
EURUSD,2019-08-12 10:00:00,1.1167799999999999,sell,10000,1.1198339243089344,1.1137260756910654,2019-08-12 15:00:00,1.1198339243089344,-30.539243089344748
EURUSD,2019-08-14 14:00:00,1.1184,buy,10000,1.1171849132582576,1.1196150867417425,2019-08-14 16:00:00,1.1171849132582576,-12.150867417424216
EURUSD,2019-08-14 17:00:00,1.11486,sell,10000,1.1171787108488305,1.1125412891511695,2019-08-15 16:00:00,1.1125412891511695,23.187108488305075
EURUSD,2019-08-15 17:00:00,1.11074,sell,10000,1.1143407167050412,1.107139283294959,2019-08-22 13:00:00,1.107139283294959,36.007167050411404
EURUSD,2019-08-23 12:00:00,1.10597,sell,10000,1.1082745960373226,1.1036654039626772,2019-08-23 17:00:00,1.1082745960373226,-23.045960373226926
EURUSD,2019-08-23 18:00:00,1.11473,buy,10000,1.1085689303730704,1.1208910696269296,2019-08-28 14:00:00,1.1085689303730704,-61.61069626929638
EURUSD,2019-08-28 15:00:00,1.10816,sell,10000,1.109088287047519,1.1072317129524811,2019-08-29 15:00:00,1.1072317129524811,9.282870475189053
EURUSD,2019-08-29 16:00:00,1.10628,sell,10000,1.1079933146546201,1.1045666853453797,2019-08-30 05:00:00,1.1045666853453797,17.133146546202127
EURUSD,2019-08-30 17:00:00,1.10123,sell,10000,1.104559800491952,1.097900199508048,2019-08-30 20:00:00,1.097900199508048,33.29800491951973
EURUSD,2019-09-02 12:00:00,1.09591,sell,10000,1.099072650911781,1.092747349088219,2019-09-04 10:00:00,1.099072650911781,-31.626509117810286
EURUSD,2019-09-04 11:00:00,1.10074,buy,10000,1.0972111021550206,1.1042688978449795,2019-09-05 12:00:00,1.1042688978449795,35.288978449794506
EURUSD,2019-09-05 13:00:00,1.10564,buy,10000,1.1033262755587856,1.1079537244412143,2019-09-05 16:00:00,1.1079537244412143,23.1372444121436
EURUSD,2019-09-06 14:00:00,1.10224,sell,10000,1.1039035171207205,1.1005764828792797,2019-09-06 15:00:00,1.1039035171207205,-16.63517120720437
EURUSD,2019-09-06 16:00:00,1.10503,buy,10000,1.1031125458901023,1.1069474541098976,2019-09-06 21:00:00,1.1031125458901023,-19.174541098976317
EURUSD,2019-09-09 15:00:00,1.10433,buy,10000,1.1024121969805425,1.1062478030194576,2019-09-11 12:00:00,1.1024121969805425,-19.178030194575424
EURUSD,2019-09-11 13:00:00,1.10076,sell,10000,1.1042133635777922,1.0973066364222077,2019-09-12 14:00:00,1.0973066364222077,34.533635777922456
EURUSD,2019-09-12 15:00:00,1.09458,sell,10000,1.100342029864403,1.0888179701355971,2019-09-12 16:00:00,1.100342029864403,-57.62029864402996
EURUSD,2019-09-12 18:00:00,1.10734,buy,10000,1.0998702409677164,1.1148097590322836,2019-09-16 17:00:00,1.0998702409677164,-74.6975903228364
EURUSD,2019-09-17 13:00:00,1.10246,buy,10000,1.1002957169656067,1.1046242830343933,2019-09-17 17:00:00,1.1046242830343933,21.642830343933106
EURUSD,2019-09-17 18:00:00,1.10634,buy,10000,1.1014323556137993,1.111247644386201,2019-09-20 17:00:00,1.1014323556137993,-49.076443862008375
EURUSD,2019-09-20 18:00:00,1.10028,sell,10000,1.1051279507065404,1.0954320492934595,2019-09-25 18:00:00,1.0954320492934595,48.47950706540427
EURUSD,2019-09-25 19:00:00,1.0943100000000001,sell,10000,1.1005481140874964,1.0880718859125038,2019-10-01 09:00:00,1.0880718859125038,62.38114087496305
EURUSD,2019-10-01 17:00:00,1.09161,buy,10000,1.089318149736272,1.0939018502637279,2019-10-02 03:00:00,1.0939018502637279,22.918502637279126
EURUSD,2019-10-02 19:00:00,1.09583,buy,10000,1.0922087547939912,1.099451245206009,2019-10-07 15:00:00,1.099451245206009,36.21245206008928
EURUSD,2019-10-08 17:00:00,1.0955,sell,10000,1.0980391453183131,1.0929608546816867,2019-10-09 11:00:00,1.0980391453183131,-25.391453183132295
EURUSD,2019-10-09 12:00:00,1.0982,buy,10000,1.0953008322882034,1.1010991677117967,2019-10-10 10:00:00,1.1010991677117967,28.991677117966574
EURUSD,2019-10-10 11:00:00,1.10176,buy,10000,1.0977464340569616,1.1057735659430385,2019-10-16 18:00:00,1.1057735659430385,40.13565943038478
EURUSD,2019-10-16 19:00:00,1.1081,buy,10000,1.1035671148957003,1.1126328851043,2019-10-17 18:00:00,1.1126328851043,45.32885104299833
EURUSD,2019-10-18 14:00:00,1.11431,buy,10000,1.1127193030323617,1.1159006969676382,2019-10-18 21:00:00,1.1159006969676382,15.906969676382499
EURUSD,2019-10-21 17:00:00,1.11458,sell,10000,1.116306358732884,1.1128536412671157,2019-10-22 15:00:00,1.1128536412671157,17.263587328841812
EURUSD,2019-10-22 21:00:00,1.11237,sell,10000,1.115057574919552,1.1096824250804482,2019-10-25 16:00:00,1.1096824250804482,26.875749195518495
EURUSD,2019-10-25 18:00:00,1.10811,sell,10000,1.110776175854066,1.105443824145934,2019-10-29 17:00:00,1.110776175854066,-26.66175854066033
EURUSD,2019-10-29 18:00:00,1.11166,buy,10000,1.108855150299459,1.1144648497005412,2019-10-30 23:00:00,1.1144648497005412,28.048497005410677
EURUSD,2019-10-31 00:00:00,1.11519,buy,10000,1.1111582636951014,1.1192217363048984,2019-11-05 14:00:00,1.1111582636951014,-40.31736304898503
EURUSD,2019-11-05 15:00:00,1.10994,sell,10000,1.1124687681108776,1.1074112318891223,2019-11-05 17:00:00,1.1074112318891223,25.28768110877655
EURUSD,2019-11-05 18:00:00,1.10698,sell,10000,1.1127457372743175,1.1012142627256827,2019-11-12 19:00:00,1.1012142627256827,57.65737274317395
EURUSD,2019-11-13 18:00:00,1.10032,sell,10000,1.1012877781118948,1.099352221888105,2019-11-14 13:00:00,1.099352221888105,9.67778111894857
EURUSD,2019-11-14 18:00:00,1.10152,buy,10000,1.0997132468784463,1.1033267531215538,2019-11-15 14:00:00,1.1033267531215538,18.067531215537613
EURUSD,2019-11-15 15:00:00,1.1042,buy,10000,1.1024611362602235,1.1059388637397767,2019-11-18 04:00:00,1.1059388637397767,17.388637397766082
EURUSD,2019-11-18 16:00:00,1.10672,buy,10000,1.1054819046884723,1.1079580953115276,2019-11-18 17:00:00,1.1079580953115276,12.380953115276316
EURUSD,2019-11-18 18:00:00,1.10794,buy,10000,1.1056749367383252,1.1102050632616747,2019-11-22 14:00:00,1.1056749367383252,-22.65063261674749
EURUSD,2019-11-22 16:00:00,1.10464,sell,10000,1.106296125710472,1.1029838742895282,2019-11-22 18:00:00,1.1029838742895282,16.561257104719118
EURUSD,2019-11-22 19:00:00,1.10237,sell,10000,1.1064282208962246,1.0983117791037755,2019-12-02 17:00:00,1.1064282208962246,-40.5822089622454
EURUSD,2019-12-02 18:00:00,1.10758,buy,10000,1.1020910287848888,1.1130689712151112,2019-12-11 21:00:00,1.1130689712151112,54.8897121511116
EURUSD,2019-12-11 22:00:00,1.11388,buy,10000,1.108827670391369,1.1189323296086309,2019-12-20 16:00:00,1.108827670391369,-50.5232960863089
EURUSD,2019-12-20 17:00:00,1.10864,sell,10000,1.1125087635724535,1.1047712364275466,2019-12-27 09:00:00,1.1125087635724535,-38.68763572453471
EURUSD,2019-12-27 10:00:00,1.11328,buy,10000,1.1097254900403528,1.1168345099596473,2019-12-27 18:00:00,1.1168345099596473,35.54509959647234
EURUSD,2019-12-30 18:00:00,1.12162,buy,10000,1.1187632418076285,1.1244767581923716,2020-01-02 13:00:00,1.1187632418076285,-28.567581923715224
EURUSD,2020-01-02 16:00:00,1.1174,sell,10000,1.1217155379918682,1.1130844620081317,2020-01-03 13:00:00,1.1130844620081317,43.15537991868234
EURUSD,2020-01-06 11:00:00,1.11934,buy,10000,1.116747887520508,1.121932112479492,2020-01-07 15:00:00,1.116747887520508,-25.921124794920924
EURUSD,2020-01-07 16:00:00,1.11478,sell,10000,1.1186670932179985,1.1108929067820017,2020-01-08 23:00:00,1.1108929067820017,38.87093217998405
EURUSD,2020-01-09 11:00:00,1.10994,sell,10000,1.1115750550451662,1.1083049449548337,2020-01-10 18:00:00,1.1115750550451662,-16.35055045166256
EURUSD,2020-01-10 19:00:00,1.11224,buy,10000,1.1099046503697736,1.1145753496302262,2020-01-15 13:00:00,1.1145753496302262,23.35349630226302
EURUSD,2020-01-15 15:00:00,1.11492,buy,10000,1.1129136065346656,1.1169263934653342,2020-01-17 11:00:00,1.1129136065346656,-20.063934653342663
EURUSD,2020-01-17 12:00:00,1.11162,sell,10000,1.113216926324265,1.110023073675735,2020-01-17 17:00:00,1.110023073675735,15.969263242650023
EURUSD,2020-01-20 12:00:00,1.10842,sell,10000,1.109543310310276,1.1072966896897238,2020-01-20 22:00:00,1.109543310310276,-11.233103102761266
EURUSD,2020-01-21 12:00:00,1.11038,buy,10000,1.1087598691571652,1.1120001308428347,2020-01-21 22:00:00,1.1087598691571652,-16.20130842834744
EURUSD,2020-01-22 16:00:00,1.10735,sell,10000,1.108717552558575,1.105982447441425,2020-01-22 21:00:00,1.108717552558575,-13.675525585750137
EURUSD,2020-01-23 16:00:00,1.10694,sell,10000,1.1086766885459858,1.1052033114540143,2020-01-23 17:00:00,1.1052033114540143,17.36688545985743
EURUSD,2020-01-23 18:00:00,1.10411,sell,10000,1.1084447366520422,1.0997752633479576,2020-01-29 15:00:00,1.0997752633479576,43.34736652042315
EURUSD,2020-01-30 17:00:00,1.10356,buy,10000,1.1014536380203461,1.105666361979654,2020-01-31 16:00:00,1.105666361979654,21.0636197965397
EURUSD,2020-01-31 17:00:00,1.10806,buy,10000,1.1034435234727848,1.1126764765272152,2020-02-05 04:00:00,1.1034435234727848,-46.16476527215197
EURUSD,2020-02-05 11:00:00,1.1026,sell,10000,1.1040678709071419,1.1011321290928582,2020-02-05 16:00:00,1.1011321290928582,14.678709071418439
EURUSD,2020-02-05 17:00:00,1.10022,sell,10000,1.1043024953669316,1.0961375046330684,2020-02-07 10:00:00,1.0961375046330684,40.82495366931616
EURUSD,2020-02-07 11:00:00,1.09544,sell,10000,1.097956856592015,1.092923143407985,2020-02-10 16:00:00,1.092923143407985,25.1685659201506
EURUSD,2020-02-10 17:00:00,1.09242,sell,10000,1.0950747702842993,1.0897652297157006,2020-02-12 17:00:00,1.0897652297157006,26.547702842993903
EURUSD,2020-02-12 18:00:00,1.08924,sell,10000,1.0916641445043276,1.0868158554956724,2020-02-12 21:00:00,1.0868158554956724,24.241445043275966
EURUSD,2020-02-13 13:00:00,1.08579,sell,10000,1.0880052896326413,1.0835747103673588,2020-02-14 05:00:00,1.0835747103673588,22.15289632641282
EURUSD,2020-02-14 15:00:00,1.08552,buy,10000,1.0840170573606231,1.087022942639377,2020-02-14 18:00:00,1.0840170573606231,-15.029426393768919
EURUSD,2020-02-17 17:00:00,1.08296,sell,10000,1.084260014068095,1.081659985931905,2020-02-18 14:00:00,1.081659985931905,13.000140680949901
EURUSD,2020-02-18 15:00:00,1.08022,sell,10000,1.0826040092277962,1.0778359907722037,2020-02-21 16:00:00,1.0826040092277962,-23.840092277962466
EURUSD,2020-02-21 17:00:00,1.08496,buy,10000,1.0798434083355073,1.0900765916644926,2020-02-27 03:00:00,1.0900765916644926,51.16591664492631
EURUSD,2020-02-27 04:00:00,1.09105,buy,10000,1.087153816847662,1.0949461831523382,2020-02-27 14:00:00,1.0949461831523382,38.96183152338084
EURUSD,2020-02-27 15:00:00,1.09767,buy,10000,1.089146229846451,1.106193770153549,2020-03-02 02:00:00,1.106193770153549,85.23770153548993
EURUSD,2020-03-02 13:00:00,1.11192,buy,10000,1.1029559408424972,1.1208840591575029,2020-03-05 19:00:00,1.1208840591575029,89.64059157502868
EURUSD,2020-03-06 10:00:00,1.12723,buy,10000,1.1207720750642596,1.1336879249357403,2020-03-06 16:00:00,1.1336879249357403,64.57924935740378
EURUSD,2020-03-09 04:00:00,1.14273,buy,10000,1.1297222495167478,1.1557377504832522,2020-03-10 21:00:00,1.1297222495167478,-130.077504832522
EURUSD,2020-03-11 19:00:00,1.12689,sell,10000,1.1338335472507985,1.1199464527492013,2020-03-12 17:00:00,1.1199464527492013,69.43547250798599
EURUSD,2020-03-12 18:00:00,1.1082,sell,10000,1.125764384860529,1.0906356151394712,2020-03-18 17:00:00,1.0906356151394712,175.64384860528915
EURUSD,2020-03-18 18:00:00,1.0832600000000001,sell,10000,1.0996194245410995,1.0669005754589007,2020-03-19 19:00:00,1.0669005754589007,163.59424541099398
EURUSD,2020-03-23 15:00:00,1.0779,buy,10000,1.0679534782065676,1.0878465217934326,2020-03-24 13:00:00,1.0878465217934326,99.46521793432473
EURUSD,2020-03-25 19:00:00,1.08501,buy,10000,1.0798225655109976,1.0901974344890024,2020-03-26 03:00:00,1.0901974344890024,51.87434489002385
EURUSD,2020-03-26 17:00:00,1.09916,buy,10000,1.0888556682588724,1.1094643317411275,2020-03-27 20:00:00,1.1094643317411275,103.04331741127548
EURUSD,2020-03-27 21:00:00,1.11184,buy,10000,1.1005785474083376,1.1231014525916623,2020-03-31 09:00:00,1.1005785474083376,-112.61452591662335
EURUSD,2020-03-31 11:00:00,1.09792,sell,10000,1.103089775394737,1.092750224605263,2020-03-31 22:00:00,1.103089775394737,-51.69775394737064
EURUSD,2020-04-01 12:00:00,1.09333,sell,10000,1.1024403856871567,1.084219614312843,2020-04-02 19:00:00,1.084219614312843,91.1038568715683
EURUSD,2020-04-02 20:00:00,1.08259,sell,10000,1.0949766845315434,1.0702033154684565,2020-04-10 17:00:00,1.0949766845315434,-123.86684531543457
EURUSD,2020-04-13 09:00:00,1.0962,buy,10000,1.0936142913523725,1.0987857086476276,2020-04-13 11:00:00,1.0936142913523725,-25.85708647627527
EURUSD,2020-04-13 13:00:00,1.0914,sell,10000,1.0943242889823863,1.0884757110176135,2020-04-14 05:00:00,1.0943242889823863,-29.242889823863916
EURUSD,2020-04-14 14:00:00,1.09637,buy,10000,1.0917669370609469,1.1009730629390533,2020-04-15 13:00:00,1.0917669370609469,-46.030629390532155
EURUSD,2020-04-15 15:00:00,1.08605,sell,10000,1.096553542560288,1.075546457439712,2020-04-24 09:00:00,1.075546457439712,105.0354256028796
EURUSD,2020-04-24 15:00:00,1.08031,buy,10000,1.075645791063981,1.0849742089360193,2020-04-27 11:00:00,1.0849742089360193,46.64208936019154
EURUSD,2020-04-28 11:00:00,1.08502,buy,10000,1.082358032781407,1.0876819672185931,2020-04-28 13:00:00,1.0876819672185931,26.6196721859302
EURUSD,2020-04-28 14:00:00,1.08863,buy,10000,1.0823597372883664,1.0949002627116335,2020-04-28 23:00:00,1.0823597372883664,-62.70262711633556
EURUSD,2020-04-29 10:00:00,1.08702,buy,10000,1.082816782435564,1.0912232175644363,2020-04-30 17:00:00,1.0912232175644363,42.03217564436201
EURUSD,2020-04-30 18:00:00,1.09334,buy,10000,1.0860870991103384,1.1005929008896616,2020-05-01 17:00:00,1.1005929008896616,72.52900889661574
EURUSD,2020-05-04 19:00:00,1.09003,sell,10000,1.0949798313368213,1.0850801686631788,2020-05-05 11:00:00,1.0850801686631788,49.498313368212536
EURUSD,2020-05-05 12:00:00,1.08504,sell,10000,1.09048643978351,1.0795935602164901,2020-05-06 12:00:00,1.0795935602164901,54.464397835098936
EURUSD,2020-05-07 16:00:00,1.07786,sell,10000,1.079464236168179,1.076255763831821,2020-05-07 18:00:00,1.079464236168179,-16.04236168178952
EURUSD,2020-05-07 20:00:00,1.08308,buy,10000,1.0795658732088385,1.0865941267911616,2020-05-08 17:00:00,1.0865941267911616,35.14126791161587
EURUSD,2020-05-11 11:00:00,1.0818,sell,10000,1.0851730078330017,1.0784269921669984,2020-05-12 15:00:00,1.0851730078330017,-33.73007833001651
EURUSD,2020-05-12 16:00:00,1.08774,buy,10000,1.0812596822081462,1.0942203177918537,2020-05-14 04:00:00,1.0812596822081462,-64.80317791853763
EURUSD,2020-05-14 13:00:00,1.07916,sell,10000,1.0818723908659555,1.0764476091340442,2020-05-15 15:00:00,1.0818723908659555,-27.123908659556495
EURUSD,2020-05-15 16:00:00,1.08378,buy,10000,1.0804150148590008,1.087144985140999,2020-05-18 18:00:00,1.087144985140999,33.64985140999144
EURUSD,2020-05-18 19:00:00,1.0909200000000001,buy,10000,1.0822905136611167,1.0995494863388835,2020-05-21 15:00:00,1.0995494863388835,86.29486338883385
EURUSD,2020-05-21 17:00:00,1.09389,sell,10000,1.0980634733735797,1.0897165266264204,2020-05-22 12:00:00,1.0897165266264204,41.7347337357965
EURUSD,2020-05-25 09:00:00,1.08788,sell,10000,1.0901170654531398,1.0856429345468601,2020-05-25 12:00:00,1.0901170654531398,-22.370654531398415
EURUSD,2020-05-26 06:00:00,1.09183,buy,10000,1.0893611300796173,1.0942988699203828,2020-05-26 11:00:00,1.0942988699203828,24.688699203827547
EURUSD,2020-05-26 12:00:00,1.09632,buy,10000,1.0901307777038463,1.1025092222961537,2020-05-27 12:00:00,1.1025092222961537,61.89222296153707
EURUSD,2020-05-27 13:00:00,1.10164,buy,10000,1.0960092679731726,1.1072707320268274,2020-05-28 19:00:00,1.1072707320268274,56.30732026827401
EURUSD,2020-05-28 20:00:00,1.10814,buy,10000,1.100499762421004,1.1157802375789958,2020-06-02 11:00:00,1.1157802375789958,76.40237578995901
EURUSD,2020-06-02 12:00:00,1.11801,buy,10000,1.113497217103084,1.122522782896916,2020-06-03 18:00:00,1.122522782896916,45.12782896916035
EURUSD,2020-06-04 14:00:00,1.1267,buy,10000,1.1216327253508485,1.1317672746491516,2020-06-04 17:00:00,1.1317672746491516,50.67274649151577
EURUSD,2020-06-04 18:00:00,1.13218,buy,10000,1.1206567381262031,1.1437032618737968,2020-06-18 19:00:00,1.1206567381262031,-115.2326187379682
EURUSD,2020-06-19 15:00:00,1.1238,buy,10000,1.1213984886334845,1.1262015113665154,2020-06-19 17:00:00,1.1213984886334845,-24.01511366515452
EURUSD,2020-06-22 11:00:00,1.12246,buy,10000,1.1185135590982782,1.1264064409017218,2020-06-23 01:00:00,1.1264064409017218,39.46440901721804
EURUSD,2020-06-23 10:00:00,1.1301700000000001,buy,10000,1.125542177504018,1.1347978224959823,2020-06-24 22:00:00,1.125542177504018,-46.27822495982148
EURUSD,2020-06-25 13:00:00,1.12082,sell,10000,1.1254939766402028,1.116146023359797,2020-06-29 09:00:00,1.1254939766402028,-46.73976640202859
EURUSD,2020-06-29 12:00:00,1.12708,buy,10000,1.1222342560452332,1.131925743954767,2020-06-30 09:00:00,1.1222342560452332,-48.4574395476689
EURUSD,2020-06-30 12:00:00,1.12052,sell,10000,1.1240527518350123,1.1169872481649876,2020-06-30 19:00:00,1.1240527518350123,-35.32751835012338
EURUSD,2020-07-01 12:00:00,1.12077,sell,10000,1.1231157015562356,1.1184242984437645,2020-07-01 16:00:00,1.1231157015562356,-23.45701556235591
EURUSD,2020-07-01 17:00:00,1.12606,buy,10000,1.1220698483406526,1.1300501516593475,2020-07-06 14:00:00,1.1300501516593475,39.901516593474625
EURUSD,2020-07-06 15:00:00,1.1329799999999999,buy,10000,1.1248639989914928,1.141096001008507,2020-07-15 03:00:00,1.141096001008507,81.16001008507068
EURUSD,2020-07-15 10:00:00,1.14327,buy,10000,1.139686748168704,1.146853251831296,2020-07-16 11:00:00,1.139686748168704,-35.83251831295931
EURUSD,2020-07-16 12:00:00,1.1381000000000001,sell,10000,1.1406574084337546,1.1355425915662456,2020-07-16 14:00:00,1.1406574084337546,-25.574084337545155
EURUSD,2020-07-16 16:00:00,1.14289,buy,10000,1.1398514642113105,1.1459285357886895,2020-07-16 20:00:00,1.1398514642113105,-30.385357886895115
EURUSD,2020-07-17 13:00:00,1.14285,buy,10000,1.137778277698109,1.147921722301891,2020-07-21 17:00:00,1.147921722301891,50.71722301891013
EURUSD,2020-07-21 18:00:00,1.14936,buy,10000,1.14463684396857,1.15408315603143,2020-07-22 05:00:00,1.15408315603143,47.23156031430031
EURUSD,2020-07-22 13:00:00,1.15688,buy,10000,1.152524461148478,1.1612355388515219,2020-07-23 18:00:00,1.1612355388515219,43.55538851521956
EURUSD,2020-07-23 19:00:00,1.16205,buy,10000,1.1565845596794144,1.1675154403205856,2020-07-27 03:00:00,1.1675154403205856,54.65440320585601
EURUSD,2020-07-27 04:00:00,1.16925,buy,10000,1.160680538630621,1.1778194613693789,2020-07-29 20:00:00,1.1778194613693789,85.69461369378972
EURUSD,2020-07-30 11:00:00,1.1742,sell,10000,1.1781451933117706,1.1702548066882292,2020-07-30 16:00:00,1.1781451933117706,-39.45193311770679
EURUSD,2020-07-30 20:00:00,1.18282,buy,10000,1.1764659916501976,1.1891740083498024,2020-07-31 06:00:00,1.1891740083498024,63.54008349802376
EURUSD,2020-07-31 19:00:00,1.17913,sell,10000,1.187940743128604,1.170319256871396,2020-08-05 16:00:00,1.187940743128604,-88.10743128603971
EURUSD,2020-08-06 10:00:00,1.18426,sell,10000,1.1878775611156722,1.180642438884328,2020-08-06 19:00:00,1.1878775611156722,-36.1756111567213
EURUSD,2020-08-07 06:00:00,1.18262,sell,10000,1.1876990078811847,1.1775409921188154,2020-08-07 16:00:00,1.1775409921188154,50.7900788118465
EURUSD,2020-08-10 12:00:00,1.176,sell,10000,1.1792595550235294,1.1727404449764705,2020-08-11 03:00:00,1.1727404449764705,32.59555023529481
EURUSD,2020-08-11 12:00:00,1.17874,buy,10000,1.1744904438617334,1.1829895561382664,2020-08-11 22:00:00,1.1744904438617334,-42.495561382664974
EURUSD,2020-08-12 15:00:00,1.17907,buy,10000,1.17289856079622,1.1852414392037802,2020-08-13 16:00:00,1.1852414392037802,61.7143920378016
EURUSD,2020-08-14 12:00:00,1.17912,sell,10000,1.1820082185374323,1.1762317814625676,2020-08-14 16:00:00,1.1820082185374323,-28.882185374323743
EURUSD,2020-08-14 19:00:00,1.18453,buy,10000,1.1808721687826358,1.1881878312173644,2020-08-18 03:00:00,1.1881878312173644,36.578312173642935
EURUSD,2020-08-18 11:00:00,1.19104,buy,10000,1.1872847413706877,1.1947952586293125,2020-08-18 16:00:00,1.1947952586293125,37.55258629312364
EURUSD,2020-08-19 17:00:00,1.19004,sell,10000,1.192921645912121,1.187158354087879,2020-08-19 21:00:00,1.187158354087879,28.816459121210336
EURUSD,2020-08-19 22:00:00,1.18457,sell,10000,1.193825563490743,1.1753144365092567,2020-08-31 14:00:00,1.193825563490743,-92.55563490743191
EURUSD,2020-08-31 17:00:00,1.19579,buy,10000,1.1912426858413436,1.2003373141586562,2020-09-01 21:00:00,1.1912426858413436,-45.47314158656279
EURUSD,2020-09-02 11:00:00,1.18574,sell,10000,1.1936753642840578,1.1778046357159422,2020-09-08 16:00:00,1.1778046357159422,79.35364284057833
EURUSD,2020-09-09 13:00:00,1.17551,sell,10000,1.178479313717251,1.1725406862827492,2020-09-09 15:00:00,1.178479313717251,-29.693137172508433
EURUSD,2020-09-09 16:00:00,1.1816,buy,10000,1.1774707407630187,1.1857292592369812,2020-09-10 15:00:00,1.1857292592369812,41.29259236981264
EURUSD,2020-09-10 16:00:00,1.18985,buy,10000,1.1820327726678654,1.1976672273321347,2020-09-10 22:00:00,1.1820327726678654,-78.17227332134635
EURUSD,2020-09-14 10:00:00,1.18638,buy,10000,1.1836790479740358,1.1890809520259642,2020-09-15 07:00:00,1.1890809520259642,27.009520259642095
EURUSD,2020-09-15 08:00:00,1.18965,buy,10000,1.1866051540088485,1.1926948459911517,2020-09-15 16:00:00,1.1866051540088485,-30.448459911516235
EURUSD,2020-09-15 18:00:00,1.18453,sell,10000,1.188952578999247,1.1801074210007532,2020-09-16 21:00:00,1.1801074210007532,44.225789992469174
EURUSD,2020-09-16 22:00:00,1.17996,sell,10000,1.186112416277943,1.1738075837220567,2020-09-18 09:00:00,1.186112416277943,-61.52416277943162
EURUSD,2020-09-18 16:00:00,1.18321,sell,10000,1.1854316695368126,1.1809883304631876,2020-09-18 17:00:00,1.1854316695368126,-22.21669536812465
EURUSD,2020-09-21 11:00:00,1.1801300000000001,sell,10000,1.184780289040736,1.1754797109592643,2020-09-21 16:00:00,1.1754797109592643,46.502890407358336
EURUSD,2020-09-21 17:00:00,1.17408,sell,10000,1.1863622872464548,1.1617977127535453,2020-09-25 18:00:00,1.1617977127535453,122.82287246454749
EURUSD,2020-09-28 12:00:00,1.16461,buy,10000,1.1623095467256783,1.1669104532743215,2020-09-28 14:00:00,1.1669104532743215,23.00453274321601
EURUSD,2020-09-29 12:00:00,1.16932,buy,10000,1.1660632232589452,1.1725767767410546,2020-09-29 17:00:00,1.1725767767410546,32.56776741054735
EURUSD,2020-09-29 19:00:00,1.17378,buy,10000,1.1669828734589687,1.1805771265410314,2020-10-09 15:00:00,1.1805771265410314,67.97126541031373
EURUSD,2020-10-12 12:00:00,1.18026,sell,10000,1.1820628162191866,1.1784571837808135,2020-10-13 10:00:00,1.1784571837808135,18.028162191865427
EURUSD,2020-10-13 16:00:00,1.17544,sell,10000,1.1797270837535092,1.1711529162464909,2020-10-15 11:00:00,1.1711529162464909,42.87083753509169
EURUSD,2020-10-15 12:00:00,1.17123,sell,10000,1.1752324589815493,1.1672275410184507,2020-10-19 12:00:00,1.1752324589815493,-40.02458981549273
EURUSD,2020-10-19 13:00:00,1.17668,buy,10000,1.1719700103079815,1.1813899896920184,2020-10-20 16:00:00,1.1813899896920184,47.09989692018412
EURUSD,2020-10-20 17:00:00,1.18305,buy,10000,1.1768407782711463,1.1892592217288536,2020-10-28 09:00:00,1.1768407782711463,-62.09221728853631
EURUSD,2020-10-29 11:00:00,1.17294,sell,10000,1.1752879273623817,1.1705920726376184,2020-10-29 14:00:00,1.1705920726376184,23.47927362381652
EURUSD,2020-10-29 15:00:00,1.17043,sell,10000,1.1753451054766275,1.1655148945233726,2020-10-30 18:00:00,1.1655148945233726,49.15105476627435
EURUSD,2020-10-30 19:00:00,1.16511,sell,10000,1.168698535693721,1.1615214643062792,2020-11-03 11:00:00,1.168698535693721,-35.88535693720863
EURUSD,2020-11-03 12:00:00,1.16974,buy,10000,1.1633465066995492,1.1761334933004508,2020-11-04 01:00:00,1.1761334933004508,63.93493300450803
EURUSD,2020-11-04 04:00:00,1.1619,sell,10000,1.1702347644019278,1.1535652355980721,2020-11-04 13:00:00,1.1702347644019278,-83.34764401927819
EURUSD,2020-11-05 10:00:00,1.17631,buy,10000,1.1722671923508134,1.1803528076491865,2020-11-05 12:00:00,1.1803528076491865,40.4280764918652
EURUSD,2020-11-05 13:00:00,1.18104,buy,10000,1.1721214832036801,1.18995851679632,2020-11-23 13:00:00,1.18995851679632,89.18516796319942
EURUSD,2020-11-23 14:00:00,1.19024,buy,10000,1.185929492061414,1.1945505079385859,2020-11-23 17:00:00,1.185929492061414,-43.10507938585894
EURUSD,2020-11-23 18:00:00,1.18258,sell,10000,1.189096319271376,1.176063680728624,2020-11-24 22:00:00,1.189096319271376,-65.1631927137597
EURUSD,2020-11-25 22:00:00,1.19236,buy,10000,1.1896007505302943,1.1951192494697058,2020-11-26 14:00:00,1.1896007505302943,-27.59249469705738
EURUSD,2020-11-27 05:00:00,1.19236,buy,10000,1.1902609159881723,1.1944590840118279,2020-11-27 18:00:00,1.1944590840118279,20.990840118277898
EURUSD,2020-11-27 19:00:00,1.19567,buy,10000,1.191641098523194,1.199698901476806,2020-12-01 17:00:00,1.199698901476806,40.28901476806013
EURUSD,2020-12-01 18:00:00,1.20379,buy,10000,1.1950144627692159,1.212565537230784,2020-12-03 13:00:00,1.212565537230784,87.75537230784059
EURUSD,2020-12-03 14:00:00,1.21555,buy,10000,1.2114539680299081,1.2196460319700917,2020-12-07 10:00:00,1.2114539680299081,-40.96031970091785
EURUSD,2020-12-07 11:00:00,1.2093,sell,10000,1.2137364915909878,1.2048635084090122,2020-12-07 16:00:00,1.2137364915909878,-44.36491590987801
EURUSD,2020-12-09 07:00:00,1.21311,buy,10000,1.2106511695645092,1.2155688304354906,2020-12-09 16:00:00,1.2106511695645092,-24.588304354906665
EURUSD,2020-12-09 17:00:00,1.2083,sell,10000,1.2123898504354311,1.2042101495645687,2020-12-10 15:00:00,1.2123898504354311,-40.89850435431197
EURUSD,2020-12-10 16:00:00,1.21524,buy,10000,1.2096659411929842,1.220814058807016,2020-12-16 10:00:00,1.220814058807016,55.740588070158914
EURUSD,2020-12-16 11:00:00,1.2206299999999999,buy,10000,1.2155969458100138,1.225663054189986,2020-12-17 18:00:00,1.225663054189986,50.33054189986119
EURUSD,2020-12-21 00:00:00,1.22271,sell,10000,1.2252253735740233,1.2201946264259766,2020-12-21 04:00:00,1.2201946264259766,25.153735740233163
EURUSD,2020-12-21 05:00:00,1.21847,sell,10000,1.2249818297215194,1.2119581702784805,2020-12-29 14:00:00,1.2249818297215194,-65.11829721519425
EURUSD,2020-12-30 02:00:00,1.22686,buy,10000,1.2244647435021394,1.2292552564978607,2020-12-30 16:00:00,1.2292552564978607,23.95256497860654
EURUSD,2020-12-31 14:00:00,1.22719,sell,10000,1.2300276057376578,1.2243523942623422,2020-12-31 17:00:00,1.2243523942623422,28.37605737657789
EURUSD,2020-12-31 18:00:00,1.22301,sell,10000,1.2290483728207477,1.2169716271792521,2021-01-04 11:00:00,1.2290483728207477,-60.38372820747817
EURUSD,2021-01-05 18:00:00,1.22948,buy,10000,1.2260878631550483,1.2328721368449516,2021-01-06 09:00:00,1.2328721368449516,33.92136844951654
EURUSD,2021-01-06 11:00:00,1.23384,buy,10000,1.2281345087386815,1.2395454912613186,2021-01-07 11:00:00,1.2281345087386815,-57.05491261318585
EURUSD,2021-01-07 12:00:00,1.22496,sell,10000,1.231930435518856,1.217989564481144,2021-01-11 03:00:00,1.217989564481144,69.7043551885601
EURUSD,2021-01-12 18:00:00,1.21682,buy,10000,1.2147292708385022,1.2189107291614978,2021-01-12 21:00:00,1.2189107291614978,20.90729161497773
EURUSD,2021-01-12 22:00:00,1.22058,buy,10000,1.2151631362000892,1.2259968637999108,2021-01-14 05:00:00,1.2151631362000892,-54.168637999107986
EURUSD,2021-01-14 14:00:00,1.21296,sell,10000,1.2157221526226778,1.2101978473773223,2021-01-14 19:00:00,1.2157221526226778,-27.621526226777604
EURUSD,2021-01-15 13:00:00,1.21233,sell,10000,1.21566456266451,1.2089954373354899,2021-01-15 20:00:00,1.2089954373354899,33.34562664510044
EURUSD,2021-01-18 14:00:00,1.20563,sell,10000,1.2081515460493237,1.2031084539506762,2021-01-19 02:00:00,1.2081515460493237,-25.21546049323753
EURUSD,2021-01-19 03:00:00,1.20934,buy,10000,1.2068183670693866,1.2118616329306136,2021-01-19 12:00:00,1.2118616329306136,25.21632930613471
EURUSD,2021-01-20 09:00:00,1.21558,buy,10000,1.2125584415392239,1.2186015584607763,2021-01-20 12:00:00,1.2125584415392239,-30.215584607762302
EURUSD,2021-01-20 14:00:00,1.20984,sell,10000,1.213961203037857,1.205718796962143,2021-01-21 11:00:00,1.213961203037857,-41.212030378570134
EURUSD,2021-01-21 22:00:00,1.21689,buy,10000,1.2129992222391213,1.2207807777608788,2021-01-25 16:00:00,1.2129992222391213,-38.90777760878761
EURUSD,2021-01-25 17:00:00,1.21302,sell,10000,1.2178473982047042,1.2081926017952958,2021-01-27 16:00:00,1.2081926017952958,48.27398204704237
EURUSD,2021-01-28 15:00:00,1.21286,buy,10000,1.2098527912915689,1.2158672087084312,2021-01-29 05:00:00,1.2098527912915689,-30.07208708431186
EURUSD,2021-01-29 15:00:00,1.21463,buy,10000,1.210390360646507,1.2188696393534932,2021-02-01 10:00:00,1.210390360646507,-42.396393534931406
EURUSD,2021-02-01 11:00:00,1.20936,sell,10000,1.21357591130878,1.20514408869122,2021-02-02 12:00:00,1.20514408869122,42.15911308780073
EURUSD,2021-02-02 13:00:00,1.20279,sell,10000,1.2072229478139596,1.1983570521860405,2021-02-04 16:00:00,1.1983570521860405,44.32947813959531
EURUSD,2021-02-05 14:00:00,1.19897,buy,10000,1.19612581021527,1.20181418978473,2021-02-05 16:00:00,1.20181418978473,28.4418978473
EURUSD,2021-02-05 17:00:00,1.20239,buy,10000,1.196287055498842,1.208492944501158,2021-02-09 10:00:00,1.208492944501158,61.02944501158003
EURUSD,2021-02-09 11:00:00,1.21098,buy,10000,1.2054449614887308,1.216515038511269,2021-02-16 13:00:00,1.216515038511269,55.3503851126913
EURUSD,2021-02-16 15:00:00,1.21081,sell,10000,1.2149290361679543,1.2066909638320455,2021-02-17 13:00:00,1.2066909638320455,41.190361679543926
EURUSD,2021-02-17 15:00:00,1.20336,sell,10000,1.2093873896554126,1.1973326103445874,2021-02-19 02:00:00,1.2093873896554126,-60.27389655412607
EURUSD,2021-02-19 09:00:00,1.21095,buy,10000,1.2081729540959976,1.2137270459040024,2021-02-19 12:00:00,1.2137270459040024,27.770459040024065
EURUSD,2021-02-22 10:00:00,1.21003,sell,10000,1.212423238008112,1.207636761991888,2021-02-22 12:00:00,1.212423238008112,-23.932380081119753
EURUSD,2021-02-22 15:00:00,1.21474,buy,10000,1.211519582569506,1.2179604174304939,2021-02-25 08:00:00,1.2179604174304939,32.20417430493949
EURUSD,2021-02-25 10:00:00,1.22085,buy,10000,1.2145591976910892,1.2271408023089108,2021-02-26 09:00:00,1.2145591976910892,-62.9080230891077
EURUSD,2021-02-26 18:00:00,1.20917,sell,10000,1.2166581894906379,1.2016818105093623,2021-03-02 09:00:00,1.2016818105093623,74.88189490637787
EURUSD,2021-03-02 10:00:00,1.20024,sell,10000,1.2048372945139123,1.1956427054860876,2021-03-02 17:00:00,1.2048372945139123,-45.97294513912331
EURUSD,2021-03-02 18:00:00,1.20785,buy,10000,1.202173339125001,1.2135266608749993,2021-03-04 19:00:00,1.202173339125001,-56.766608749991846
EURUSD,2021-03-04 20:00:00,1.19683,sell,10000,1.203638256675019,1.1900217433249811,2021-03-08 08:00:00,1.1900217433249811,68.08256675018941
EURUSD,2021-03-08 09:00:00,1.18863,sell,10000,1.19209914823541,1.1851608517645902,2021-03-08 18:00:00,1.1851608517645902,34.69148235409891
EURUSD,2021-03-09 09:00:00,1.18807,buy,10000,1.1847612069293338,1.191378793070666,2021-03-10 20:00:00,1.191378793070666,33.08793070666116
EURUSD,2021-03-10 22:00:00,1.19268,buy,10000,1.1880765236527995,1.1972834763472004,2021-03-11 18:00:00,1.1972834763472004,46.034763472004855
EURUSD,2021-03-12 10:00:00,1.19332,sell,10000,1.1984568412375987,1.1881831587624012,2021-03-18 03:00:00,1.1984568412375987,-51.36841237598722
EURUSD,2021-03-18 16:00:00,1.19167,sell,10000,1.1977204819081941,1.1856195180918059,2021-03-23 21:00:00,1.1856195180918059,60.50481908194128
EURUSD,2021-03-24 10:00:00,1.18208,sell,10000,1.1866364241525615,1.1775235758474385,2021-03-25 19:00:00,1.1775235758474385,45.56424152561522
EURUSD,2021-03-26 19:00:00,1.1798899999999999,buy,10000,1.1775354681982926,1.1822445318017072,2021-03-29 11:00:00,1.1775354681982926,-23.545318017073047
EURUSD,2021-03-29 17:00:00,1.17634,sell,10000,1.1790034384197452,1.1736765615802547,2021-03-30 10:00:00,1.1736765615802547,26.634384197452565
EURUSD,2021-03-30 12:00:00,1.17391,sell,10000,1.1773552375603549,1.1704647624396451,2021-04-01 22:00:00,1.1773552375603549,-34.45237560354863
EURUSD,2021-04-02 15:00:00,1.17687,sell,10000,1.1779123014792525,1.1758276985207476,2021-04-02 17:00:00,1.1758276985207476,10.423014792524388
EURUSD,2021-04-02 18:00:00,1.17597,sell,10000,1.1779302719346698,1.17400972806533,2021-04-05 16:00:00,1.1779302719346698,-19.60271934669855
EURUSD,2021-04-05 17:00:00,1.17988,buy,10000,1.1751797172811893,1.1845802827188108,2021-04-06 18:00:00,1.1845802827188108,47.00282718810733
EURUSD,2021-04-06 19:00:00,1.18556,buy,10000,1.1808225529854157,1.1902974470145842,2021-04-08 18:00:00,1.1902974470145842,47.37447014584228
EURUSD,2021-04-08 19:00:00,1.19214,buy,10000,1.1874769537847227,1.1968030462152772,2021-04-12 10:00:00,1.1874769537847227,-46.630462152772445
EURUSD,2021-04-13 07:00:00,1.18874,sell,10000,1.191007074164882,1.1864729258351179,2021-04-13 15:00:00,1.191007074164882,-22.670741648820325
EURUSD,2021-04-13 16:00:00,1.19354,buy,10000,1.1897573508648578,1.1973226491351423,2021-04-14 18:00:00,1.1973226491351423,37.826491351422575
EURUSD,2021-04-14 19:00:00,1.19851,buy,10000,1.1959196607099398,1.20110033929006,2021-04-15 15:00:00,1.1959196607099398,-25.903392900601396
EURUSD,2021-04-16 05:00:00,1.19512,sell,10000,1.1975820575489797,1.1926579424510202,2021-04-16 10:00:00,1.1975820575489797,-24.62057548979768
EURUSD,2021-04-16 13:00:00,1.19888,buy,10000,1.1959253510751313,1.2018346489248686,2021-04-19 04:00:00,1.1959253510751313,-29.546489248686303
EURUSD,2021-04-19 05:00:00,1.19522,sell,10000,1.1986026408253698,1.19183735917463,2021-04-19 10:00:00,1.1986026408253698,-33.82640825369876
EURUSD,2021-04-19 11:00:00,1.2025000000000001,buy,10000,1.1966975587029172,1.208302441297083,2021-04-23 20:00:00,1.208302441297083,58.02441297082961
EURUSD,2021-04-26 16:00:00,1.20666,sell,10000,1.2100456232818368,1.2032743767181633,2021-04-28 21:00:00,1.2100456232818368,-33.8562328183678
EURUSD,2021-04-28 22:00:00,1.2129699999999999,buy,10000,1.2075979382810964,1.2183420617189034,2021-04-30 16:00:00,1.2075979382810964,-53.720617189034755
EURUSD,2021-04-30 17:00:00,1.20392,sell,10000,1.210844864126062,1.1969951358739381,2021-05-07 15:00:00,1.210844864126062,-69.24864126061969
EURUSD,2021-05-07 16:00:00,1.21212,buy,10000,1.2062652895477253,1.217974710452275,2021-05-13 11:00:00,1.2062652895477253,-58.54710452274814
EURUSD,2021-05-13 16:00:00,1.20976,buy,10000,1.2071049839417718,1.212415016058228,2021-05-13 18:00:00,1.2071049839417718,-26.550160582281546
EURUSD,2021-05-14 08:00:00,1.20964,buy,10000,1.2071674337311893,1.2121125662688108,2021-05-14 11:00:00,1.2121125662688108,24.725662688107608
EURUSD,2021-05-14 16:00:00,1.21413,buy,10000,1.2078552621144287,1.2204047378855711,2021-05-18 11:00:00,1.2204047378855711,62.74737885571202
EURUSD,2021-05-18 12:00:00,1.2217500000000001,buy,10000,1.2153509791245662,1.228149020875434,2021-05-28 15:00:00,1.2153509791245662,-63.990208754338695
EURUSD,2021-05-31 17:00:00,1.22279,buy,10000,1.2201493133357129,1.2254306866642872,2021-06-02 10:00:00,1.2201493133357129,-26.40686664287184
EURUSD,2021-06-02 11:00:00,1.21814,sell,10000,1.2224681751054192,1.2138118248945808,2021-06-03 18:00:00,1.2138118248945808,43.28175105419163
EURUSD,2021-06-03 19:00:00,1.21204,sell,10000,1.2210069308253895,1.2030730691746105,2021-06-09 16:00:00,1.2210069308253895,-89.66930825389463
EURUSD,2021-06-11 12:00:00,1.2154099999999999,sell,10000,1.218117426629409,1.2127025733705907,2021-06-11 16:00:00,1.2127025733705907,27.074266294091487
EURUSD,2021-06-11 17:00:00,1.21094,sell,10000,1.2183083558657382,1.2035716441342617,2021-06-16 21:00:00,1.2035716441342617,73.68355865738252
EURUSD,2021-06-16 22:00:00,1.20049,sell,10000,1.2107911017681519,1.1901888982318483,2021-06-17 19:00:00,1.1901888982318483,103.01101768151798
EURUSD,2021-06-18 15:00:00,1.18876,sell,10000,1.1913443270030781,1.186175672996922,2021-06-18 17:00:00,1.186175672996922,25.843270030780907
EURUSD,2021-06-21 11:00:00,1.18932,buy,10000,1.1867541741852834,1.1918858258147165,2021-06-21 19:00:00,1.1918858258147165,25.65825814716538
EURUSD,2021-06-22 12:00:00,1.18836,sell,10000,1.1912076384964048,1.1855123615035954,2021-06-22 19:00:00,1.1912076384964048,-28.476384964046808
EURUSD,2021-06-22 20:00:00,1.19349,buy,10000,1.1895880344014178,1.197391965598582,2021-06-25 16:00:00,1.197391965598582,39.01965598582136
EURUSD,2021-06-28 14:00:00,1.19072,sell,10000,1.1933447563808588,1.1880952436191412,2021-06-28 18:00:00,1.1933447563808588,-26.247563808587948
EURUSD,2021-06-29 11:00:00,1.19014,sell,10000,1.1925707133468693,1.1877092866531307,2021-06-30 16:00:00,1.1877092866531307,24.307133468692843
EURUSD,2021-06-30 17:00:00,1.18594,sell,10000,1.18936713798133,1.18251286201867,2021-07-02 10:00:00,1.18251286201867,34.27137981329986
EURUSD,2021-07-02 12:00:00,1.18228,sell,10000,1.1853442833807968,1.1792157166192032,2021-07-02 20:00:00,1.1853442833807968,-30.64283380796784
EURUSD,2021-07-02 21:00:00,1.18681,buy,10000,1.1830803084640127,1.1905396915359872,2021-07-06 17:00:00,1.1830803084640127,-37.296915359872344
EURUSD,2021-07-07 15:00:00,1.18158,sell,10000,1.182563470094759,1.1805965299052412,2021-07-07 16:00:00,1.1805965299052412,9.834700947588537
EURUSD,2021-07-07 17:00:00,1.17988,sell,10000,1.1820895516944487,1.1776704483055513,2021-07-08 11:00:00,1.1820895516944487,-22.09551694448697
EURUSD,2021-07-08 12:00:00,1.18336,buy,10000,1.1797386517840784,1.1869813482159215,2021-07-09 20:00:00,1.1869813482159215,36.213482159215275
EURUSD,2021-07-12 12:00:00,1.1852800000000001,sell,10000,1.1872895468868698,1.1832704531131304,2021-07-13 05:00:00,1.1872895468868698,-20.095468868697175
EURUSD,2021-07-13 12:00:00,1.18427,sell,10000,1.1864403976729927,1.1820996023270072,2021-07-13 15:00:00,1.1820996023270072,21.703976729927632
EURUSD,2021-07-13 20:00:00,1.17879,sell,10000,1.1865580060949055,1.1710219939050945,2021-07-29 10:00:00,1.1865580060949055,-77.68006094905466
EURUSD,2021-07-30 10:00:00,1.18955,buy,10000,1.1881772099075263,1.190922790092474,2021-07-30 15:00:00,1.1881772099075263,-13.72790092473819
EURUSD,2021-07-30 17:00:00,1.1859,sell,10000,1.1889702861183482,1.1828297138816517,2021-08-02 12:00:00,1.1889702861183482,-30.702861183482533
EURUSD,2021-08-03 11:00:00,1.18839,buy,10000,1.187182527212438,1.189597472787562,2021-08-03 16:00:00,1.187182527212438,-12.074727875619473
EURUSD,2021-08-03 17:00:00,1.1859,sell,10000,1.1882259700876188,1.1835740299123811,2021-08-04 15:00:00,1.1882259700876188,-23.259700876188116
EURUSD,2021-08-04 16:00:00,1.18923,buy,10000,1.1862139020056317,1.1922460979943683,2021-08-04 17:00:00,1.1862139020056317,-30.160979943683053
EURUSD,2021-08-05 13:00:00,1.1846,buy,10000,1.1833963581552258,1.1858036418447744,2021-08-05 23:00:00,1.1833963581552258,-12.036418447742836
EURUSD,2021-08-06 11:00:00,1.1811099999999999,sell,10000,1.1833108440978632,1.1789091559021365,2021-08-06 15:00:00,1.1789091559021365,22.008440978633637
EURUSD,2021-08-06 16:00:00,1.1774,sell,10000,1.1824483321639732,1.1723516678360268,2021-08-10 14:00:00,1.1723516678360268,50.48332163973157
EURUSD,2021-08-10 15:00:00,1.1716199999999999,sell,10000,1.1736914268552148,1.169548573144785,2021-08-11 17:00:00,1.1736914268552148,-20.714268552148862
EURUSD,2021-08-11 19:00:00,1.17484,buy,10000,1.1715568314396874,1.1781231685603129,2021-08-13 17:00:00,1.1781231685603129,32.83168560312744
EURUSD,2021-08-13 18:00:00,1.1795499999999999,buy,10000,1.1738763889939368,1.185223611006063,2021-08-17 16:00:00,1.1738763889939368,-56.73611006063118
EURUSD,2021-08-17 17:00:00,1.17173,sell,10000,1.176472396546692,1.166987603453308,2021-08-20 14:00:00,1.166987603453308,47.42396546691951
EURUSD,2021-08-20 19:00:00,1.17032,buy,10000,1.1680146723590232,1.1726253276409768,2021-08-23 11:00:00,1.1726253276409768,23.053276409767953
EURUSD,2021-08-24 11:00:00,1.17286,sell,10000,1.1745143836523437,1.1712056163476563,2021-08-24 15:00:00,1.1745143836523437,-16.54383652343716
EURUSD,2021-08-24 17:00:00,1.17608,buy,10000,1.1739130790688688,1.1782469209311313,2021-08-25 04:00:00,1.1739130790688688,-21.669209311312443
EURUSD,2021-08-25 21:00:00,1.17712,buy,10000,1.1740727840565544,1.1801672159434455,2021-08-30 03:00:00,1.1801672159434455,30.472159434455914
EURUSD,2021-08-30 15:00:00,1.17864,sell,10000,1.1800821784529794,1.1771978215470205,2021-08-30 21:00:00,1.1800821784529794,-14.42178452979448
EURUSD,2021-08-31 06:00:00,1.1819600000000001,buy,10000,1.1799357229345748,1.1839842770654254,2021-09-01 08:00:00,1.1799357229345748,-20.24277065425295
EURUSD,2021-09-01 12:00:00,1.1817199999999999,buy,10000,1.180269470239886,1.1831705297601138,2021-09-01 15:00:00,1.1831705297601138,14.5052976011395
EURUSD,2021-09-01 16:00:00,1.18441,buy,10000,1.1809793503752002,1.1878406496247997,2021-09-03 03:00:00,1.1878406496247997,34.30649624799776
EURUSD,2021-09-03 15:00:00,1.18913,buy,10000,1.1876370119132684,1.1906229880867316,2021-09-06 05:00:00,1.1876370119132684,-14.929880867315948
EURUSD,2021-09-07 03:00:00,1.18795,buy,10000,1.1865634773690712,1.189336522630929,2021-09-07 14:00:00,1.1865634773690712,-13.865226309288659
EURUSD,2021-09-07 15:00:00,1.18507,sell,10000,1.1872209519938302,1.18291904800617,2021-09-08 11:00:00,1.18291904800617,21.50951993830086
EURUSD,2021-09-08 12:00:00,1.18153,sell,10000,1.1842597119581577,1.1788002880418422,2021-09-10 11:00:00,1.1842597119581577,-27.297119581577434
EURUSD,2021-09-13 09:00:00,1.17797,sell,10000,1.1821708863733638,1.1737691136266362,2021-09-14 10:00:00,1.1821708863733638,-42.008863733637995
EURUSD,2021-09-14 15:00:00,1.18413,buy,10000,1.1815341654813458,1.186725834518654,2021-09-14 21:00:00,1.1815341654813458,-25.958345186540832
EURUSD,2021-09-16 09:00:00,1.17919,sell,10000,1.1814308228647963,1.1769491771352036,2021-09-16 13:00:00,1.1769491771352036,22.408228647963213
EURUSD,2021-09-16 15:00:00,1.17551,sell,10000,1.182101521887669,1.1689184781123312,2021-09-22 23:00:00,1.1689184781123312,65.91521887668873
EURUSD,2021-09-23 16:00:00,1.1739,buy,10000,1.1694442533845688,1.178355746615431,2021-09-27 11:00:00,1.1694442533845688,-44.55746615431133
EURUSD,2021-09-28 09:00:00,1.16764,sell,10000,1.1697089556877207,1.1655710443122793,2021-09-29 14:00:00,1.1655710443122793,20.68955687720697
EURUSD,2021-09-29 15:00:00,1.16458,sell,10000,1.1684578244044104,1.1607021755955895,2021-09-29 19:00:00,1.1607021755955895,38.77824404410424
EURUSD,2021-09-29 20:00:00,1.1595,sell,10000,1.1687389931102048,1.1502610068897952,2021-10-28 20:00:00,1.1687389931102048,-92.38993110204818
EURUSD,2021-10-29 11:00:00,1.16507,sell,10000,1.1680909814988305,1.1620490185011696,2021-10-29 16:00:00,1.1620490185011696,30.20981498830455
EURUSD,2021-10-29 17:00:00,1.15713,sell,10000,1.1655932215314295,1.1486667784685705,2021-11-10 21:00:00,1.1486667784685705,84.63221531429532
EURUSD,2021-11-10 22:00:00,1.1478,sell,10000,1.1585760260230165,1.1370239739769834,2021-11-15 22:00:00,1.1370239739769834,107.76026023016527
EURUSD,2021-11-16 16:00:00,1.13442,sell,10000,1.1376061697856255,1.1312338302143745,2021-11-17 05:00:00,1.1312338302143745,31.8616978562547
EURUSD,2021-11-18 04:00:00,1.13343,buy,10000,1.1310160613625495,1.1358439386374504,2021-11-18 18:00:00,1.1358439386374504,24.1393863745043
EURUSD,2021-11-18 19:00:00,1.1369799999999999,buy,10000,1.132868209666673,1.1410917903333269,2021-11-19 10:00:00,1.132868209666673,-41.11790333326981
EURUSD,2021-11-19 11:00:00,1.1299299999999999,sell,10000,1.1353620842910506,1.1244979157089492,2021-11-22 20:00:00,1.1244979157089492,54.32084291050687
EURUSD,2021-11-22 21:00:00,1.12317,sell,10000,1.127675195948598,1.118664804051402,2021-11-26 12:00:00,1.127675195948598,-45.05195948597995
